{
  "id": "OptiFine 1.16.5",
  "jar": "1.16.5",
  "family": "1.16",
  "time": "2023-02-15T10:16:04.241Z",
  "releaseTime": "2021-01-14T16:05:32Z",
  "type": "modified",
  "mainClass": "net.minecraft.launchwrapper.Launch",
  "minimumLauncherVersion": 21,
  "tlauncherVersion": 0,
  "libraries": [
    {
      "name": "optifine:OptiFine:1.16.5_HD_U_G8",
      "url": "/libraries/",
      "checksum": "64cbd1106f0c872cf4c345a44b4c82167945a44a"
    },
    {
      "name": "optifine:launchwrapper:2.2",
      "url": "/libraries/",
      "checksum": "48d08d4b6d7b74b8c304c0a5bdb244a081c54175"
    },
    {
      "name": "com.mojang:patchy:1.3.9",
      "downloads": {
        "artifact": {
          "url": "https://libraries.minecraft.net/com/mojang/patchy/1.3.9/patchy-1.3.9.jar",
          "sha1": "eb8bb7b66fa0e2152b1b40b3856e82f7619439ee",
          "size": 23581
        }
      }
    },
    {
      "name": "oshi-project:oshi-core:1.1",
      "downloads": {
        "artifact": {
          "url": "https://libraries.minecraft.net/oshi-project/oshi-core/1.1/oshi-core-1.1.jar",
          "sha1": "9ddf7b048a8d701be231c0f4f95fd986198fd2d8",
          "size": 30973
        }
      }
    },
    {
      "name": "net.java.dev.jna:jna:4.4.0",
      "downloads": {
        "artifact": {
          "url": "https://libraries.minecraft.net/net/java/dev/jna/jna/4.4.0/jna-4.4.0.jar",
          "sha1": "cb208278274bf12ebdb56c61bd7407e6f774d65a",
          "size": 1091208
        }
      }
    },
    {
      "name": "net.java.dev.jna:platform:3.4.0",
      "downloads": {
        "artifact": {
          "url": "https://libraries.minecraft.net/net/java/dev/jna/platform/3.4.0/platform-3.4.0.jar",
          "sha1": "e3f70017be8100d3d6923f50b3d2ee17714e9c13",
          "size": 913436
        }
      }
    },
    {
      "name": "com.ibm.icu:icu4j:66.1",
      "downloads": {
        "artifact": {
          "url": "https://libraries.minecraft.net/com/ibm/icu/icu4j/66.1/icu4j-66.1.jar",
          "sha1": "72c7519b6d91f7a1f993bd44a99fe95d67211b27",
          "size": 12935630
        }
      }
    },
    {
      "name": "com.mojang:javabridge:1.0.22",
      "downloads": {
        "artifact": {
          "url": "https://libraries.minecraft.net/com/mojang/javabridge/1.0.22/javabridge-1.0.22.jar",
          "sha1": "6aa6453aa99a52a5cd91749da1af6ab70e082ab3",
          "size": 5111
        }
      }
    },
    {
      "name": "net.sf.jopt-simple:jopt-simple:5.0.3",
      "downloads": {
        "artifact": {
          "url": "https://libraries.minecraft.net/net/sf/jopt-simple/jopt-simple/5.0.3/jopt-simple-5.0.3.jar",
          "sha1": "cdd846cfc4e0f7eefafc02c0f5dce32b9303aa2a",
          "size": 78175
        }
      }
    },
    {
      "name": "io.netty:netty-all:4.1.25.Final",
      "downloads": {
        "artifact": {
          "url": "https://libraries.minecraft.net/io/netty/netty-all/4.1.25.Final/netty-all-4.1.25.Final.jar",
          "sha1": "d0626cd3108294d1d58c05859add27b4ef21f83b",
          "size": 3823147
        }
      }
    },
    {
      "name": "com.google.guava:guava:21.0",
      "downloads": {
        "artifact": {
          "url": "https://libraries.minecraft.net/com/google/guava/guava/21.0/guava-21.0.jar",
          "sha1": "3a3d111be1be1b745edfa7d91678a12d7ed38709",
          "size": 2521113
        }
      }
    },
    {
      "name": "org.apache.commons:commons-lang3:3.5",
      "downloads": {
        "artifact": {
          "url": "https://libraries.minecraft.net/org/apache/commons/commons-lang3/3.5/commons-lang3-3.5.jar",
          "sha1": "6c6c702c89bfff3cd9e80b04d668c5e190d588c6",
          "size": 479881
        }
      }
    },
    {
      "name": "commons-io:commons-io:2.5",
      "downloads": {
        "artifact": {
          "url": "https://libraries.minecraft.net/commons-io/commons-io/2.5/commons-io-2.5.jar",
          "sha1": "2852e6e05fbb95076fc091f6d1780f1f8fe35e0f",
          "size": 208700
        }
      }
    },
    {
      "name": "commons-codec:commons-codec:1.10",
      "downloads": {
        "artifact": {
          "url": "https://libraries.minecraft.net/commons-codec/commons-codec/1.10/commons-codec-1.10.jar",
          "sha1": "4b95f4897fa13f2cd904aee711aeafc0c5295cd8",
          "size": 284184
        }
      }
    },
    {
      "name": "net.java.jinput:jinput:2.0.5",
      "downloads": {
        "artifact": {
          "url": "https://libraries.minecraft.net/net/java/jinput/jinput/2.0.5/jinput-2.0.5.jar",
          "sha1": "39c7796b469a600f72380316f6b1f11db6c2c7c4",
          "size": 208338
        }
      }
    },
    {
      "name": "net.java.jutils:jutils:1.0.0",
      "downloads": {
        "artifact": {
          "url": "https://libraries.minecraft.net/net/java/jutils/jutils/1.0.0/jutils-1.0.0.jar",
          "sha1": "e12fe1fda814bd348c1579329c86943d2cd3c6a6",
          "size": 7508
        }
      }
    },
    {
      "name": "com.mojang:brigadier:1.0.17",
      "downloads": {
        "artifact": {
          "url": "https://libraries.minecraft.net/com/mojang/brigadier/1.0.17/brigadier-1.0.17.jar",
          "sha1": "c6b7dc51dd44379cc751b7504816006e9be4b1e6",
          "size": 77392
        }
      }
    },
    {
      "name": "com.mojang:datafixerupper:4.0.26",
      "downloads": {
        "artifact": {
          "url": "https://libraries.minecraft.net/com/mojang/datafixerupper/4.0.26/datafixerupper-4.0.26.jar",
          "sha1": "ebd6690f33871ccee9b6132c6480668ee2e35020",
          "size": 673183
        }
      }
    },
    {
      "name": "com.google.code.gson:gson:2.8.0",
      "downloads": {
        "artifact": {
          "url": "https://libraries.minecraft.net/com/google/code/gson/gson/2.8.0/gson-2.8.0.jar",
          "sha1": "c4ba5371a29ac9b2ad6129b1d39ea38750043eff",
          "size": 231952
        }
      }
    },
    {
      "name": "com.mojang:authlib:2.1.28",
      "downloads": {
        "artifact": {
          "url": "https://libraries.minecraft.net/com/mojang/authlib/2.1.28/authlib-2.1.28.jar",
          "sha1": "ad54da276bf59983d02d5ed16fc14541354c71fd",
          "size": 76328
        }
      }
    },
    {
      "name": "org.apache.commons:commons-compress:1.8.1",
      "downloads": {
        "artifact": {
          "url": "https://libraries.minecraft.net/org/apache/commons/commons-compress/1.8.1/commons-compress-1.8.1.jar",
          "sha1": "a698750c16740fd5b3871425f4cb3bbaa87f529d",
          "size": 365552
        }
      }
    },
    {
      "name": "org.apache.httpcomponents:httpclient:4.3.3",
      "downloads": {
        "artifact": {
          "url": "https://libraries.minecraft.net/org/apache/httpcomponents/httpclient/4.3.3/httpclient-4.3.3.jar",
          "sha1": "18f4247ff4572a074444572cee34647c43e7c9c7",
          "size": 589512
        }
      }
    },
    {
      "name": "commons-logging:commons-logging:1.1.3",
      "downloads": {
        "artifact": {
          "url": "https://libraries.minecraft.net/commons-logging/commons-logging/1.1.3/commons-logging-1.1.3.jar",
          "sha1": "f6f66e966c70a83ffbdb6f17a0919eaf7c8aca7f",
          "size": 62050
        }
      }
    },
    {
      "name": "org.apache.httpcomponents:httpcore:4.3.2",
      "downloads": {
        "artifact": {
          "url": "https://libraries.minecraft.net/org/apache/httpcomponents/httpcore/4.3.2/httpcore-4.3.2.jar",
          "sha1": "31fbbff1ddbf98f3aa7377c94d33b0447c646b6e",
          "size": 282269
        }
      }
    },
    {
      "name": "it.unimi.dsi:fastutil:8.2.1",
      "downloads": {
        "artifact": {
          "url": "https://libraries.minecraft.net/it/unimi/dsi/fastutil/8.2.1/fastutil-8.2.1.jar",
          "sha1": "5ad88f325e424f8dbc2be5459e21ea5cab3864e9",
          "size": 18800417
        }
      }
    },
    {
      "name": "org.apache.logging.log4j:log4j-api:2.8.1",
      "downloads": {
        "artifact": {
          "url": "https://libraries.minecraft.net/org/apache/logging/log4j/log4j-api/2.8.1/log4j-api-2.8.1.jar",
          "sha1": "e801d13612e22cad62a3f4f3fe7fdbe6334a8e72",
          "size": 228859
        }
      }
    },
    {
      "name": "org.apache.logging.log4j:log4j-core:2.8.1",
      "downloads": {
        "artifact": {
          "url": "https://libraries.minecraft.net/org/apache/logging/log4j/log4j-core/2.8.1/log4j-core-2.8.1.jar",
          "sha1": "4ac28ff2f1ddf05dae3043a190451e8c46b73c31",
          "size": 1402925
        }
      }
    },
    {
      "name": "org.lwjgl:lwjgl:3.2.1",
      "rules": [
        {
          "action": "allow",
          "os": {
            "name": "osx"
          }
        }
      ],
      "downloads": {
        "artifact": {
          "url": "https://libraries.minecraft.net/org/lwjgl/lwjgl/3.2.1/lwjgl-3.2.1.jar",
          "sha1": "2bb514e444994c6fece99a21f76e0c90438e377f",
          "size": 317748
        }
      }
    },
    {
      "name": "org.lwjgl:lwjgl:3.2.2",
      "rules": [
        {
          "action": "allow"
        },
        {
          "action": "disallow",
          "os": {
            "name": "osx"
          }
        }
      ],
      "downloads": {
        "artifact": {
          "url": "https://libraries.minecraft.net/org/lwjgl/lwjgl/3.2.2/lwjgl-3.2.2.jar",
          "sha1": "8ad6294407e15780b43e84929c40e4c5e997972e",
          "size": 321900
        }
      }
    },
    {
      "name": "org.lwjgl:lwjgl-jemalloc:3.2.1",
      "rules": [
        {
          "action": "allow",
          "os": {
            "name": "osx"
          }
        }
      ],
      "downloads": {
        "artifact": {
          "url": "https://libraries.minecraft.net/org/lwjgl/lwjgl-jemalloc/3.2.1/lwjgl-jemalloc-3.2.1.jar",
          "sha1": "7a0c583fcbec32b15784f846df536e1837d83666",
          "size": 38616
        }
      }
    },
    {
      "name": "org.lwjgl:lwjgl-jemalloc:3.2.2",
      "rules": [
        {
          "action": "allow"
        },
        {
          "action": "disallow",
          "os": {
            "name": "osx"
          }
        }
      ],
      "downloads": {
        "artifact": {
          "url": "https://libraries.minecraft.net/org/lwjgl/lwjgl-jemalloc/3.2.2/lwjgl-jemalloc-3.2.2.jar",
          "sha1": "ee8e57a79300f78294576d87c4a587f8c99402e2",
          "size": 34848
        }
      }
    },
    {
      "name": "org.lwjgl:lwjgl-openal:3.2.1",
      "rules": [
        {
          "action": "allow",
          "os": {
            "name": "osx"
          }
        }
      ],
      "downloads": {
        "artifact": {
          "url": "https://libraries.minecraft.net/org/lwjgl/lwjgl-openal/3.2.1/lwjgl-openal-3.2.1.jar",
          "sha1": "dc7ff2dabb40a141ee9bf2e326d9b1b19f3278fb",
          "size": 80103
        }
      }
    },
    {
      "name": "org.lwjgl:lwjgl-openal:3.2.2",
      "rules": [
        {
          "action": "allow"
        },
        {
          "action": "disallow",
          "os": {
            "name": "osx"
          }
        }
      ],
      "downloads": {
        "artifact": {
          "url": "https://libraries.minecraft.net/org/lwjgl/lwjgl-openal/3.2.2/lwjgl-openal-3.2.2.jar",
          "sha1": "2b772a102b0a11ee5f2109a5b136f4dc7c630827",
          "size": 80012
        }
      }
    },
    {
      "name": "org.lwjgl:lwjgl-opengl:3.2.1",
      "rules": [
        {
          "action": "allow",
          "os": {
            "name": "osx"
          }
        }
      ],
      "downloads": {
        "artifact": {
          "url": "https://libraries.minecraft.net/org/lwjgl/lwjgl-opengl/3.2.1/lwjgl-opengl-3.2.1.jar",
          "sha1": "57008c2374c5bc434b18adfef3f3653ee450ee18",
          "size": 931322
        }
      }
    },
    {
      "name": "org.lwjgl:lwjgl-opengl:3.2.2",
      "rules": [
        {
          "action": "allow"
        },
        {
          "action": "disallow",
          "os": {
            "name": "osx"
          }
        }
      ],
      "downloads": {
        "artifact": {
          "url": "https://libraries.minecraft.net/org/lwjgl/lwjgl-opengl/3.2.2/lwjgl-opengl-3.2.2.jar",
          "sha1": "6ac5bb88b44c43ea195a570aab059f63da004cd8",
          "size": 929780
        }
      }
    },
    {
      "name": "org.lwjgl:lwjgl-glfw:3.2.1",
      "rules": [
        {
          "action": "allow",
          "os": {
            "name": "osx"
          }
        }
      ],
      "downloads": {
        "artifact": {
          "url": "https://libraries.minecraft.net/org/lwjgl/lwjgl-glfw/3.2.1/lwjgl-glfw-3.2.1.jar",
          "sha1": "027abb7f64894b61cad163791acd8113f0b21296",
          "size": 116708
        }
      }
    },
    {
      "name": "org.lwjgl:lwjgl-glfw:3.2.2",
      "rules": [
        {
          "action": "allow"
        },
        {
          "action": "disallow",
          "os": {
            "name": "osx"
          }
        }
      ],
      "downloads": {
        "artifact": {
          "url": "https://libraries.minecraft.net/org/lwjgl/lwjgl-glfw/3.2.2/lwjgl-glfw-3.2.2.jar",
          "sha1": "d3ad4df38e400b8afba1de63f84338809399df5b",
          "size": 108907
        }
      }
    },
    {
      "name": "org.lwjgl:lwjgl-stb:3.2.1",
      "rules": [
        {
          "action": "allow",
          "os": {
            "name": "osx"
          }
        }
      ],
      "downloads": {
        "artifact": {
          "url": "https://libraries.minecraft.net/org/lwjgl/lwjgl-stb/3.2.1/lwjgl-stb-3.2.1.jar",
          "sha1": "31f5eb5fce3791d58ec898bc5c1867d76d781ba1",
          "size": 105765
        }
      }
    },
    {
      "name": "org.lwjgl:lwjgl-stb:3.2.2",
      "rules": [
        {
          "action": "allow"
        },
        {
          "action": "disallow",
          "os": {
            "name": "osx"
          }
        }
      ],
      "downloads": {
        "artifact": {
          "url": "https://libraries.minecraft.net/org/lwjgl/lwjgl-stb/3.2.2/lwjgl-stb-3.2.2.jar",
          "sha1": "3b8e6ebc5851dd3d17e37e5cadce2eff2a429f0f",
          "size": 104469
        }
      }
    },
    {
      "name": "org.lwjgl:lwjgl-tinyfd:3.2.1",
      "rules": [
        {
          "action": "allow",
          "os": {
            "name": "osx"
          }
        }
      ],
      "downloads": {
        "artifact": {
          "url": "https://libraries.minecraft.net/org/lwjgl/lwjgl-tinyfd/3.2.1/lwjgl-tinyfd-3.2.1.jar",
          "sha1": "259f1dbddb921e27e01b32458d6f584eb8bba13a",
          "size": 7088
        }
      }
    },
    {
      "name": "org.lwjgl:lwjgl-tinyfd:3.2.2",
      "rules": [
        {
          "action": "allow"
        },
        {
          "action": "disallow",
          "os": {
            "name": "osx"
          }
        }
      ],
      "downloads": {
        "artifact": {
          "url": "https://libraries.minecraft.net/org/lwjgl/lwjgl-tinyfd/3.2.2/lwjgl-tinyfd-3.2.2.jar",
          "sha1": "fcbe606c8f8da6f8f9a05e2c540eb1ee8632b0e9",
          "size": 7092
        }
      }
    },
    {
      "name": "org.lwjgl:lwjgl:3.2.1",
      "rules": [
        {
          "action": "allow",
          "os": {
            "name": "osx"
          }
        }
      ],
      "natives": {
        "osx": "natives-macos"
      },
      "downloads": {
        "artifact": {
          "url": "https://libraries.minecraft.net/org/lwjgl/lwjgl/3.2.1/lwjgl-3.2.1.jar",
          "sha1": "2bb514e444994c6fece99a21f76e0c90438e377f",
          "size": 317748
        },
        "classifiers": {
          "javadoc": {
            "url": "https://libraries.minecraft.net/org/lwjgl/lwjgl/3.2.1/lwjgl-3.2.1-javadoc.jar",
            "sha1": "1f6b7050737559b775d797c0ea56612b8e373fd6",
            "size": 1287174
          },
          "natives-linux": {
            "url": "https://libraries.minecraft.net/org/lwjgl/lwjgl/3.2.1/lwjgl-3.2.1-natives-linux.jar",
            "sha1": "9bdd47cd63ce102cec837a396c8ded597cb75a66",
            "size": 87484
          },
          "natives-macos": {
            "url": "https://libraries.minecraft.net/org/lwjgl/lwjgl/3.2.1/lwjgl-3.2.1-natives-macos.jar",
            "sha1": "5a4c271d150906858d475603dcb9479453c60555",
            "size": 39835
          },
          "natives-windows": {
            "url": "https://libraries.minecraft.net/org/lwjgl/lwjgl/3.2.1/lwjgl-3.2.1-natives-windows.jar",
            "sha1": "e799d06b8969db0610e68776e0eff4b6191098bd",
            "size": 255871
          },
          "sources": {
            "url": "https://libraries.minecraft.net/org/lwjgl/lwjgl/3.2.1/lwjgl-3.2.1-sources.jar",
            "sha1": "106f90ac41449004a969309488aa6e3a2f7d6731",
            "size": 255671
          }
        }
      }
    },
    {
      "name": "org.lwjgl:lwjgl:3.2.2",
      "rules": [
        {
          "action": "allow"
        },
        {
          "action": "disallow",
          "os": {
            "name": "osx"
          }
        }
      ],
      "natives": {
        "linux": "natives-linux",
        "windows": "natives-windows"
      },
      "downloads": {
        "artifact": {
          "url": "https://libraries.minecraft.net/org/lwjgl/lwjgl/3.2.2/lwjgl-3.2.2.jar",
          "sha1": "8ad6294407e15780b43e84929c40e4c5e997972e",
          "size": 321900
        },
        "classifiers": {
          "natives-linux": {
            "url": "https://libraries.minecraft.net/org/lwjgl/lwjgl/3.2.2/lwjgl-3.2.2-natives-linux.jar",
            "sha1": "ae7976827ca2a3741f6b9a843a89bacd637af350",
            "size": 124776
          },
          "natives-macos": {
            "url": "https://libraries.minecraft.net/org/lwjgl/lwjgl/3.2.2/lwjgl-3.2.2-natives-macos.jar",
            "sha1": "bbfb75693bdb714c0c69c2c9f9be73d259b43b62",
            "size": 48462
          },
          "natives-windows": {
            "url": "https://libraries.minecraft.net/org/lwjgl/lwjgl/3.2.2/lwjgl-3.2.2-natives-windows.jar",
            "sha1": "05359f3aa50d36352815fc662ea73e1c00d22170",
            "size": 279593
          }
        }
      }
    },
    {
      "name": "org.lwjgl:lwjgl-jemalloc:3.2.1",
      "rules": [
        {
          "action": "allow",
          "os": {
            "name": "osx"
          }
        }
      ],
      "natives": {
        "osx": "natives-macos"
      },
      "downloads": {
        "artifact": {
          "url": "https://libraries.minecraft.net/org/lwjgl/lwjgl-jemalloc/3.2.1/lwjgl-jemalloc-3.2.1.jar",
          "sha1": "7a0c583fcbec32b15784f846df536e1837d83666",
          "size": 38616
        },
        "classifiers": {
          "javadoc": {
            "url": "https://libraries.minecraft.net/org/lwjgl/lwjgl-jemalloc/3.2.1/lwjgl-jemalloc-3.2.1-javadoc.jar",
            "sha1": "04f6897be1e2d68bff5ec5e91a2b96e32f084c09",
            "size": 461041
          },
          "natives-linux": {
            "url": "https://libraries.minecraft.net/org/lwjgl/lwjgl-jemalloc/3.2.1/lwjgl-jemalloc-3.2.1-natives-linux.jar",
            "sha1": "5536616b558cea2fea6330ca682fd7c733db9c43",
            "size": 156057
          },
          "natives-macos": {
            "url": "https://libraries.minecraft.net/org/lwjgl/lwjgl-jemalloc/3.2.1/lwjgl-jemalloc-3.2.1-natives-macos.jar",
            "sha1": "439ab9d0264167a949cc7bcce673704322baaf50",
            "size": 117001
          },
          "natives-windows": {
            "url": "https://libraries.minecraft.net/org/lwjgl/lwjgl-jemalloc/3.2.1/lwjgl-jemalloc-3.2.1-natives-windows.jar",
            "sha1": "3c869b3d7638c800b7039cd859d064658643ad6e",
            "size": 218136
          },
          "sources": {
            "url": "https://libraries.minecraft.net/org/lwjgl/lwjgl-jemalloc/3.2.1/lwjgl-jemalloc-3.2.1-sources.jar",
            "sha1": "4450dca46228c02c51bb9bbda70e7cfc3154296d",
            "size": 31279
          }
        }
      }
    },
    {
      "name": "org.lwjgl:lwjgl-jemalloc:3.2.2",
      "rules": [
        {
          "action": "allow"
        },
        {
          "action": "disallow",
          "os": {
            "name": "osx"
          }
        }
      ],
      "natives": {
        "linux": "natives-linux",
        "windows": "natives-windows"
      },
      "downloads": {
        "artifact": {
          "url": "https://libraries.minecraft.net/org/lwjgl/lwjgl-jemalloc/3.2.2/lwjgl-jemalloc-3.2.2.jar",
          "sha1": "ee8e57a79300f78294576d87c4a587f8c99402e2",
          "size": 34848
        },
        "classifiers": {
          "natives-linux": {
            "url": "https://libraries.minecraft.net/org/lwjgl/lwjgl-jemalloc/3.2.2/lwjgl-jemalloc-3.2.2-natives-linux.jar",
            "sha1": "268c08a150347e04e44ba56e359d62c9b78669df",
            "size": 156173
          },
          "natives-macos": {
            "url": "https://libraries.minecraft.net/org/lwjgl/lwjgl-jemalloc/3.2.2/lwjgl-jemalloc-3.2.2-natives-macos.jar",
            "sha1": "805f5a10465375ba034b27b72331912fd2846690",
            "size": 117127
          },
          "natives-windows": {
            "url": "https://libraries.minecraft.net/org/lwjgl/lwjgl-jemalloc/3.2.2/lwjgl-jemalloc-3.2.2-natives-windows.jar",
            "sha1": "338b25b99da3ba5f441f6492f2ce2a9c608860ed",
            "size": 220623
          }
        }
      }
    },
    {
      "name": "org.lwjgl:lwjgl-openal:3.2.1",
      "rules": [
        {
          "action": "allow",
          "os": {
            "name": "osx"
          }
        }
      ],
      "natives": {
        "osx": "natives-macos"
      },
      "downloads": {
        "artifact": {
          "url": "https://libraries.minecraft.net/org/lwjgl/lwjgl-openal/3.2.1/lwjgl-openal-3.2.1.jar",
          "sha1": "dc7ff2dabb40a141ee9bf2e326d9b1b19f3278fb",
          "size": 80103
        },
        "classifiers": {
          "javadoc": {
            "url": "https://libraries.minecraft.net/org/lwjgl/lwjgl-openal/3.2.1/lwjgl-openal-3.2.1-javadoc.jar",
            "sha1": "95752f443686da1b3443e397dc83e730e1907a1e",
            "size": 617869
          },
          "natives-linux": {
            "url": "https://libraries.minecraft.net/org/lwjgl/lwjgl-openal/3.2.1/lwjgl-openal-3.2.1-natives-linux.jar",
            "sha1": "bcd4be67863dd908f696f628c3ca9f6eb9ae5152",
            "size": 590716
          },
          "natives-macos": {
            "url": "https://libraries.minecraft.net/org/lwjgl/lwjgl-openal/3.2.1/lwjgl-openal-3.2.1-natives-macos.jar",
            "sha1": "9357ebfc82a0d6f64e17093dd963219367cd6fa2",
            "size": 528004
          },
          "natives-windows": {
            "url": "https://libraries.minecraft.net/org/lwjgl/lwjgl-openal/3.2.1/lwjgl-openal-3.2.1-natives-windows.jar",
            "sha1": "92fb931e65c637cea209ad5c3ffebd1b325ed41d",
            "size": 1310083
          },
          "sources": {
            "url": "https://libraries.minecraft.net/org/lwjgl/lwjgl-openal/3.2.1/lwjgl-openal-3.2.1-sources.jar",
            "sha1": "8fe3d6e6353685164b1eb3a22980aaa1115d4a32",
            "size": 78379
          }
        }
      }
    },
    {
      "name": "org.lwjgl:lwjgl-openal:3.2.2",
      "rules": [
        {
          "action": "allow"
        },
        {
          "action": "disallow",
          "os": {
            "name": "osx"
          }
        }
      ],
      "natives": {
        "linux": "natives-linux",
        "windows": "natives-windows"
      },
      "downloads": {
        "artifact": {
          "url": "https://libraries.minecraft.net/org/lwjgl/lwjgl-openal/3.2.2/lwjgl-openal-3.2.2.jar",
          "sha1": "2b772a102b0a11ee5f2109a5b136f4dc7c630827",
          "size": 80012
        },
        "classifiers": {
          "natives-linux": {
            "url": "https://libraries.minecraft.net/org/lwjgl/lwjgl-openal/3.2.2/lwjgl-openal-3.2.2-natives-linux.jar",
            "sha1": "0364f9f5c3947393083ab5f37a571f5603aadd0b",
            "size": 590997
          },
          "natives-macos": {
            "url": "https://libraries.minecraft.net/org/lwjgl/lwjgl-openal/3.2.2/lwjgl-openal-3.2.2-natives-macos.jar",
            "sha1": "a97b6345d5a9ddf889e262bd7ad8eed43b1bb063",
            "size": 528006
          },
          "natives-windows": {
            "url": "https://libraries.minecraft.net/org/lwjgl/lwjgl-openal/3.2.2/lwjgl-openal-3.2.2-natives-windows.jar",
            "sha1": "ec20a7d42a2438528fca87e60b1705f1e2339ddb",
            "size": 1310102
          }
        }
      }
    },
    {
      "name": "org.lwjgl:lwjgl-opengl:3.2.1",
      "rules": [
        {
          "action": "allow",
          "os": {
            "name": "osx"
          }
        }
      ],
      "natives": {
        "osx": "natives-macos"
      },
      "downloads": {
        "artifact": {
          "url": "https://libraries.minecraft.net/org/lwjgl/lwjgl-opengl/3.2.1/lwjgl-opengl-3.2.1.jar",
          "sha1": "57008c2374c5bc434b18adfef3f3653ee450ee18",
          "size": 931322
        },
        "classifiers": {
          "javadoc": {
            "url": "https://libraries.minecraft.net/org/lwjgl/lwjgl-opengl/3.2.1/lwjgl-opengl-3.2.1-javadoc.jar",
            "sha1": "e25fc8cbcbee68182a6b7f13ad71b1f0961005ad",
            "size": 4307561
          },
          "natives-linux": {
            "url": "https://libraries.minecraft.net/org/lwjgl/lwjgl-opengl/3.2.1/lwjgl-opengl-3.2.1-natives-linux.jar",
            "sha1": "c43bb08ed7dcf1a6d344803e464148b3b14dd274",
            "size": 77401
          },
          "natives-macos": {
            "url": "https://libraries.minecraft.net/org/lwjgl/lwjgl-opengl/3.2.1/lwjgl-opengl-3.2.1-natives-macos.jar",
            "sha1": "dca9ad9e59a87172144d531e08ef7f6988073db0",
            "size": 38998
          },
          "natives-windows": {
            "url": "https://libraries.minecraft.net/org/lwjgl/lwjgl-opengl/3.2.1/lwjgl-opengl-3.2.1-natives-windows.jar",
            "sha1": "80954961b31084d7b4f2f041d6b5a799a774c880",
            "size": 170804
          },
          "sources": {
            "url": "https://libraries.minecraft.net/org/lwjgl/lwjgl-opengl/3.2.1/lwjgl-opengl-3.2.1-sources.jar",
            "sha1": "47930ffbef53c0f45c7e35c01b1c6ad5b2205809",
            "size": 1251582
          }
        }
      }
    },
    {
      "name": "org.lwjgl:lwjgl-opengl:3.2.2",
      "rules": [
        {
          "action": "allow"
        },
        {
          "action": "disallow",
          "os": {
            "name": "osx"
          }
        }
      ],
      "natives": {
        "linux": "natives-linux",
        "windows": "natives-windows"
      },
      "downloads": {
        "artifact": {
          "url": "https://libraries.minecraft.net/org/lwjgl/lwjgl-opengl/3.2.2/lwjgl-opengl-3.2.2.jar",
          "sha1": "6ac5bb88b44c43ea195a570aab059f63da004cd8",
          "size": 929780
        },
        "classifiers": {
          "natives-linux": {
            "url": "https://libraries.minecraft.net/org/lwjgl/lwjgl-opengl/3.2.2/lwjgl-opengl-3.2.2-natives-linux.jar",
            "sha1": "338d33387919cb3f4cdba143c2b738a71ccfda60",
            "size": 77392
          },
          "natives-macos": {
            "url": "https://libraries.minecraft.net/org/lwjgl/lwjgl-opengl/3.2.2/lwjgl-opengl-3.2.2-natives-macos.jar",
            "sha1": "cf4f43e69ee70d8ebfbb6ba93dec9016339e4fdc",
            "size": 38989
          },
          "natives-windows": {
            "url": "https://libraries.minecraft.net/org/lwjgl/lwjgl-opengl/3.2.2/lwjgl-opengl-3.2.2-natives-windows.jar",
            "sha1": "d8dcdc91066cae2d2d8279cb4a9f9f05d9525826",
            "size": 170798
          }
        }
      }
    },
    {
      "name": "org.lwjgl:lwjgl-glfw:3.2.1",
      "rules": [
        {
          "action": "allow",
          "os": {
            "name": "osx"
          }
        }
      ],
      "natives": {
        "osx": "natives-macos"
      },
      "downloads": {
        "artifact": {
          "url": "https://libraries.minecraft.net/org/lwjgl/lwjgl-glfw/3.2.1/lwjgl-glfw-3.2.1.jar",
          "sha1": "027abb7f64894b61cad163791acd8113f0b21296",
          "size": 116708
        },
        "classifiers": {
          "javadoc": {
            "url": "https://libraries.minecraft.net/org/lwjgl/lwjgl-glfw/3.2.1/lwjgl-glfw-3.2.1-javadoc.jar",
            "sha1": "81482a14b617e4fb0c7de69b3e06ef2e28ef894f",
            "size": 690774
          },
          "natives-linux": {
            "url": "https://libraries.minecraft.net/org/lwjgl/lwjgl-glfw/3.2.1/lwjgl-glfw-3.2.1-natives-linux.jar",
            "sha1": "5a2fb27f9e12a34ecabf6f6a7606c61849e347ee",
            "size": 157431
          },
          "natives-macos": {
            "url": "https://libraries.minecraft.net/org/lwjgl/lwjgl-glfw/3.2.1/lwjgl-glfw-3.2.1-natives-macos.jar",
            "sha1": "72fe6dab6110a5a1cd4833f11840eef7b2eadce5",
            "size": 64724
          },
          "natives-windows": {
            "url": "https://libraries.minecraft.net/org/lwjgl/lwjgl-glfw/3.2.1/lwjgl-glfw-3.2.1-natives-windows.jar",
            "sha1": "00def7c58ad2e1cb258d6d73be181ffab8ef8bd5",
            "size": 265304
          },
          "sources": {
            "url": "https://libraries.minecraft.net/org/lwjgl/lwjgl-glfw/3.2.1/lwjgl-glfw-3.2.1-sources.jar",
            "sha1": "4c56ae817da75996b19601c87d7e759b846c3902",
            "size": 101885
          }
        }
      }
    },
    {
      "name": "org.lwjgl:lwjgl-glfw:3.2.2",
      "rules": [
        {
          "action": "allow"
        },
        {
          "action": "disallow",
          "os": {
            "name": "osx"
          }
        }
      ],
      "natives": {
        "linux": "natives-linux",
        "windows": "natives-windows"
      },
      "downloads": {
        "artifact": {
          "url": "https://libraries.minecraft.net/org/lwjgl/lwjgl-glfw/3.2.2/lwjgl-glfw-3.2.2.jar",
          "sha1": "d3ad4df38e400b8afba1de63f84338809399df5b",
          "size": 108907
        },
        "classifiers": {
          "natives-linux": {
            "url": "https://libraries.minecraft.net/org/lwjgl/lwjgl-glfw/3.2.2/lwjgl-glfw-3.2.2-natives-linux.jar",
            "sha1": "0957733f26a6661d4883da0335f7ef46d3bbbd7d",
            "size": 159198
          },
          "natives-macos": {
            "url": "https://libraries.minecraft.net/org/lwjgl/lwjgl-glfw/3.2.2/lwjgl-glfw-3.2.2-natives-macos.jar",
            "sha1": "98f745038d17ac3192fcd01dc44126b03ec1570d",
            "size": 67311
          },
          "natives-windows": {
            "url": "https://libraries.minecraft.net/org/lwjgl/lwjgl-glfw/3.2.2/lwjgl-glfw-3.2.2-natives-windows.jar",
            "sha1": "dc6826d636bf796b33a49038c354210e661bfc17",
            "size": 266648
          }
        }
      }
    },
    {
      "name": "org.lwjgl:lwjgl-stb:3.2.1",
      "rules": [
        {
          "action": "allow",
          "os": {
            "name": "osx"
          }
        }
      ],
      "natives": {
        "osx": "natives-macos"
      },
      "downloads": {
        "artifact": {
          "url": "https://libraries.minecraft.net/org/lwjgl/lwjgl-stb/3.2.1/lwjgl-stb-3.2.1.jar",
          "sha1": "31f5eb5fce3791d58ec898bc5c1867d76d781ba1",
          "size": 105765
        },
        "classifiers": {
          "javadoc": {
            "url": "https://libraries.minecraft.net/org/lwjgl/lwjgl-stb/3.2.1/lwjgl-stb-3.2.1-javadoc.jar",
            "sha1": "524d79537f840d6cfe50e030d24413933f0d464b",
            "size": 684972
          },
          "natives-linux": {
            "url": "https://libraries.minecraft.net/org/lwjgl/lwjgl-stb/3.2.1/lwjgl-stb-3.2.1-natives-linux.jar",
            "sha1": "66e01b8036258619332cb452b970ca0a52db1a87",
            "size": 197208
          },
          "natives-macos": {
            "url": "https://libraries.minecraft.net/org/lwjgl/lwjgl-stb/3.2.1/lwjgl-stb-3.2.1-natives-macos.jar",
            "sha1": "1f5615c952451c30afafba4a6e3ba4e1cd9e7f5c",
            "size": 192364
          },
          "natives-windows": {
            "url": "https://libraries.minecraft.net/org/lwjgl/lwjgl-stb/3.2.1/lwjgl-stb-3.2.1-natives-windows.jar",
            "sha1": "d100bfd2b0d03223a043cfcb64a2dfd2bb7f4c61",
            "size": 454473
          },
          "sources": {
            "url": "https://libraries.minecraft.net/org/lwjgl/lwjgl-stb/3.2.1/lwjgl-stb-3.2.1-sources.jar",
            "sha1": "50ac43d4c6ea5846f354f9576134c0f9264345c2",
            "size": 96479
          }
        }
      }
    },
    {
      "name": "org.lwjgl:lwjgl-tinyfd:3.2.2",
      "rules": [
        {
          "action": "allow"
        },
        {
          "action": "disallow",
          "os": {
            "name": "osx"
          }
        }
      ],
      "natives": {
        "linux": "natives-linux",
        "windows": "natives-windows"
      },
      "downloads": {
        "artifact": {
          "url": "https://libraries.minecraft.net/org/lwjgl/lwjgl-tinyfd/3.2.2/lwjgl-tinyfd-3.2.2.jar",
          "sha1": "fcbe606c8f8da6f8f9a05e2c540eb1ee8632b0e9",
          "size": 7092
        },
        "classifiers": {
          "javadoc": {
            "url": "https://libraries.minecraft.net/org/lwjgl/lwjgl-tinyfd/3.2.2/lwjgl-tinyfd-3.2.2-javadoc.jar",
            "sha1": "ba657a222ee267b75fa81ae5ab29ae29b50f725f",
            "size": 368913
          },
          "natives-linux": {
            "url": "https://libraries.minecraft.net/org/lwjgl/lwjgl-tinyfd/3.2.2/lwjgl-tinyfd-3.2.2-natives-linux.jar",
            "sha1": "39e35b161c130635d9c8918ce04e887a30c5b687",
            "size": 38804
          },
          "natives-macos": {
            "url": "https://libraries.minecraft.net/org/lwjgl/lwjgl-tinyfd/3.2.2/lwjgl-tinyfd-3.2.2-natives-macos.jar",
            "sha1": "46d0798228b8a28e857a2a0f02310fd6ba2a4eab",
            "size": 42136
          },
          "natives-windows": {
            "url": "https://libraries.minecraft.net/org/lwjgl/lwjgl-tinyfd/3.2.2/lwjgl-tinyfd-3.2.2-natives-windows.jar",
            "sha1": "e9115958773644e863332a6a06488d26f9e1fc9f",
            "size": 208314
          },
          "sources": {
            "url": "https://libraries.minecraft.net/org/lwjgl/lwjgl-tinyfd/3.2.2/lwjgl-tinyfd-3.2.2-sources.jar",
            "sha1": "2fe76dcf2ca02ae0e64ac7c69eb251c09df0e922",
            "size": 5034
          }
        }
      }
    },
    {
      "name": "org.lwjgl:lwjgl-tinyfd:3.2.1",
      "rules": [
        {
          "action": "allow",
          "os": {
            "name": "osx"
          }
        }
      ],
      "natives": {
        "osx": "natives-macos"
      },
      "downloads": {
        "artifact": {
          "url": "https://libraries.minecraft.net/org/lwjgl/lwjgl-tinyfd/3.2.1/lwjgl-tinyfd-3.2.1.jar",
          "sha1": "259f1dbddb921e27e01b32458d6f584eb8bba13a",
          "size": 7088
        },
        "classifiers": {
          "javadoc": {
            "url": "https://libraries.minecraft.net/org/lwjgl/lwjgl-tinyfd/3.2.1/lwjgl-tinyfd-3.2.1-javadoc.jar",
            "sha1": "0a85d995178cdab6b94d9a172dd9e7d2a0d70cfb",
            "size": 368913
          },
          "natives-linux": {
            "url": "https://libraries.minecraft.net/org/lwjgl/lwjgl-tinyfd/3.2.1/lwjgl-tinyfd-3.2.1-natives-linux.jar",
            "sha1": "4ad49108397322596d7b85c2c687e5de6ee52157",
            "size": 38192
          },
          "natives-macos": {
            "url": "https://libraries.minecraft.net/org/lwjgl/lwjgl-tinyfd/3.2.1/lwjgl-tinyfd-3.2.1-natives-macos.jar",
            "sha1": "759c2fd9cc5c6ce0b5b7af77ac8200483b7fb660",
            "size": 41962
          },
          "natives-windows": {
            "url": "https://libraries.minecraft.net/org/lwjgl/lwjgl-tinyfd/3.2.1/lwjgl-tinyfd-3.2.1-natives-windows.jar",
            "sha1": "85750d2ca022852e15f58c0b94b3d1d4e7f0ba52",
            "size": 207577
          },
          "sources": {
            "url": "https://libraries.minecraft.net/org/lwjgl/lwjgl-tinyfd/3.2.1/lwjgl-tinyfd-3.2.1-sources.jar",
            "sha1": "c375699fd794c4c87d935e0f9a84e7d80d0de77e",
            "size": 5034
          }
        }
      }
    },
    {
      "name": "org.lwjgl:lwjgl-stb:3.2.2",
      "rules": [
        {
          "action": "allow"
        },
        {
          "action": "disallow",
          "os": {
            "name": "osx"
          }
        }
      ],
      "natives": {
        "linux": "natives-linux",
        "windows": "natives-windows"
      },
      "downloads": {
        "artifact": {
          "url": "https://libraries.minecraft.net/org/lwjgl/lwjgl-stb/3.2.2/lwjgl-stb-3.2.2.jar",
          "sha1": "3b8e6ebc5851dd3d17e37e5cadce2eff2a429f0f",
          "size": 104469
        },
        "classifiers": {
          "natives-linux": {
            "url": "https://libraries.minecraft.net/org/lwjgl/lwjgl-stb/3.2.2/lwjgl-stb-3.2.2-natives-linux.jar",
            "sha1": "172c52e586fecf43f759bc4f70a778c01f6fdcc1",
            "size": 203476
          },
          "natives-macos": {
            "url": "https://libraries.minecraft.net/org/lwjgl/lwjgl-stb/3.2.2/lwjgl-stb-3.2.2-natives-macos.jar",
            "sha1": "ee059b129b09fdecbd8595273926ae930bf5a5d7",
            "size": 196796
          },
          "natives-windows": {
            "url": "https://libraries.minecraft.net/org/lwjgl/lwjgl-stb/3.2.2/lwjgl-stb-3.2.2-natives-windows.jar",
            "sha1": "811f705cbb29e8ae8d60bdf8fdd38c0c123ad3ef",
            "size": 465810
          }
        }
      }
    },
    {
      "name": "com.mojang:text2speech:1.11.3",
      "downloads": {
        "artifact": {
          "url": "https://libraries.minecraft.net/com/mojang/text2speech/1.11.3/text2speech-1.11.3.jar",
          "sha1": "f378f889797edd7df8d32272c06ca80a1b6b0f58",
          "size": 13164
        }
      }
    },
    {
      "name": "com.mojang:text2speech:1.11.3",
      "natives": {
        "linux": "natives-linux",
        "windows": "natives-windows"
      },
      "extract": {
        "exclude": [
          "META-INF/"
        ]
      },
      "downloads": {
        "artifact": {
          "url": "https://libraries.minecraft.net/com/mojang/text2speech/1.11.3/text2speech-1.11.3.jar",
          "sha1": "f378f889797edd7df8d32272c06ca80a1b6b0f58",
          "size": 13164
        },
        "classifiers": {
          "natives-linux": {
            "url": "https://libraries.minecraft.net/com/mojang/text2speech/1.11.3/text2speech-1.11.3-natives-linux.jar",
            "sha1": "ac641755a2a841d1fca9e660194f42523ee5cfe0",
            "size": 7833
          },
          "natives-windows": {
            "url": "https://libraries.minecraft.net/com/mojang/text2speech/1.11.3/text2speech-1.11.3-natives-windows.jar",
            "sha1": "c0b242c0091be5acbf303263c7eeeaedd70544c7",
            "size": 81379
          },
          "sources": {
            "url": "https://libraries.minecraft.net/com/mojang/text2speech/1.11.3/text2speech-1.11.3-sources.jar",
            "sha1": "772a37dd77417571e6f119a8d306f0c14c2ee410",
            "size": 5332
          }
        }
      }
    },
    {
      "name": "ca.weblite:java-objc-bridge:1.0.0",
      "rules": [
        {
          "action": "allow",
          "os": {
            "name": "osx"
          }
        }
      ],
      "natives": {
        "osx": "natives-osx"
      },
      "extract": {
        "exclude": [
          "META-INF/"
        ]
      },
      "downloads": {
        "artifact": {
          "url": "https://libraries.minecraft.net/ca/weblite/java-objc-bridge/1.0.0/java-objc-bridge-1.0.0.jar",
          "sha1": "6ef160c3133a78de015830860197602ca1c855d3",
          "size": 40502
        },
        "classifiers": {
          "javadoc": {
            "url": "https://libraries.minecraft.net/ca/weblite/java-objc-bridge/1.0.0/java-objc-bridge-1.0.0-javadoc.jar",
            "sha1": "fb0092f22cb4fe8e631452f577b7a238778abf2a",
            "size": 174060
          },
          "natives-osx": {
            "url": "https://libraries.minecraft.net/ca/weblite/java-objc-bridge/1.0.0/java-objc-bridge-1.0.0-natives-osx.jar",
            "sha1": "08befab4894d55875f33c3d300f4f71e6e828f64",
            "size": 5629
          },
          "sources": {
            "url": "https://libraries.minecraft.net/ca/weblite/java-objc-bridge/1.0.0/java-objc-bridge-1.0.0-sources.jar",
            "sha1": "865837a198189aee737019561ece842827f24278",
            "size": 43283
          }
        }
      }
    },
    {
      "name": "ca.weblite:java-objc-bridge:1.0.0",
      "rules": [
        {
          "action": "allow",
          "os": {
            "name": "osx"
          }
        }
      ],
      "downloads": {
        "artifact": {
          "url": "https://libraries.minecraft.net/ca/weblite/java-objc-bridge/1.0.0/java-objc-bridge-1.0.0.jar",
          "sha1": "6ef160c3133a78de015830860197602ca1c855d3",
          "size": 40502
        }
      }
    }
  ],
  "downloads": {
    "client": {
      "url": "https://launcher.mojang.com/v1/objects/37fd3c903861eeff3bc24b71eed48f828b5269c8/client.jar",
      "sha1": "37fd3c903861eeff3bc24b71eed48f828b5269c8",
      "size": 17547153
    },
    "client_mappings": {
      "url": "https://launcher.mojang.com/v1/objects/374c6b789574afbdc901371207155661e0509e17/client.txt",
      "sha1": "374c6b789574afbdc901371207155661e0509e17",
      "size": 5746047
    },
    "server": {
      "url": "https://launcher.mojang.com/v1/objects/1b557e7b033b583cd9f66746b7a9ab1ec1673ced/server.jar",
      "sha1": "1b557e7b033b583cd9f66746b7a9ab1ec1673ced",
      "size": 37962360
    },
    "server_mappings": {
      "url": "https://launcher.mojang.com/v1/objects/41285beda6d251d190f2bf33beadd4fee187df7a/server.txt",
      "sha1": "41285beda6d251d190f2bf33beadd4fee187df7a",
      "size": 4400926
    }
  },
  "assetIndex": {
    "totalSize": 333881965,
    "id": "1.16",
    "known": true,
    "url": "https://launchermeta.mojang.com/v1/packages/28680197f74e5e1d55054f6a63509c8298d428f9/1.16.json",
    "sha1": "28680197f74e5e1d55054f6a63509c8298d428f9",
    "size": 295229
  },
  "assets": "1.16",
  "arguments": {
    "jvm": [
      {
        "value": "-XstartOnFirstThread",
        "rules": [
          {
            "action": "allow",
            "os": {
              "name": "osx"
            }
          }
        ]
      },
      {
        "value": "-XX:HeapDumpPath\u003dMojangTricksIntelDriversForPerformance_javaw.exe_minecraft.exe.heapdump",
        "rules": [
          {
            "action": "allow",
            "os": {
              "name": "windows"
            }
          }
        ]
      },
      {
        "value": [
          "-Dos.name\u003dWindows 10",
          "-Dos.version\u003d10.0"
        ],
        "rules": [
          {
            "action": "allow",
            "os": {
              "name": "windows",
              "version": "^10\\."
            }
          }
        ]
      },
      {
        "value": "-Xss1M",
        "rules": [
          {
            "action": "allow",
            "os": {}
          }
        ]
      },
      {
        "value": "-Djava.library.path\u003d${natives_directory}"
      },
      {
        "value": "-Dminecraft.launcher.brand\u003d${launcher_name}"
      },
      {
        "value": "-Dminecraft.launcher.version\u003d${launcher_version}"
      },
      {
        "value": "-cp"
      },
      {
        "value": "${classpath}"
      }
    ],
    "game": [
      {
        "value": "--username"
      },
      {
        "value": "${auth_player_name}"
      },
      {
        "value": "--version"
      },
      {
        "value": "${version_name}"
      },
      {
        "value": "--gameDir"
      },
      {
        "value": "${game_directory}"
      },
      {
        "value": "--assetsDir"
      },
      {
        "value": "${assets_root}"
      },
      {
        "value": "--assetIndex"
      },
      {
        "value": "${assets_index_name}"
      },
      {
        "value": "--uuid"
      },
      {
        "value": "${auth_uuid}"
      },
      {
        "value": "--accessToken"
      },
      {
        "value": "${auth_access_token}"
      },
      {
        "value": "--userType"
      },
      {
        "value": "${user_type}"
      },
      {
        "value": "--versionType"
      },
      {
        "value": "${version_type}"
      },
      {
        "value": "--demo",
        "rules": [
          {
            "action": "allow",
            "features": {
              "is_demo_user": true
            }
          }
        ]
      },
      {
        "value": [
          "--width",
          "${resolution_width}",
          "--height",
          "${resolution_height}"
        ],
        "rules": [
          {
            "action": "allow",
            "features": {
              "has_custom_resolution": true
            }
          }
        ]
      },
      {
        "value": "--tweakClass"
      },
      {
        "value": "optifine.OptiFineTweaker"
      }
    ]
  },
  "javaVersion": {
    "component": "jre-legacy",
    "majorVersion": 8
  },
  "logging": {
    "client": {
      "argument": "-Dlog4j.configurationFile\u003d${path}",
      "file": {
        "id": "client-1.12.xml",
        "url": "https://launcher.mojang.com/v1/objects/bd65e7d2e3c237be76cfbef4c2405033d7f91521/client-1.12.xml",
        "sha1": "bd65e7d2e3c237be76cfbef4c2405033d7f91521",
        "size": 888
      },
      "type": "log4j2-xml"
    }
  }
}